Image,Id
02bdec750.jpg,w_23a388d
02f250971.jpg,w_23a388d
03b6593e9.jpg,w_23a388d
043b78dc6.jpg,w_23a388d
09611f0c5.jpg,w_23a388d
0992af029.jpg,w_23a388d
0ec70b0df.jpg,w_23a388d
18f9ce2f9.jpg,w_23a388d
1cb8f292a.jpg,w_23a388d
2ac19e867.jpg,w_23a388d
2ae61890a.jpg,w_23a388d
300cf57a9.jpg,w_23a388d
303938df6.jpg,w_23a388d
358b56609.jpg,w_23a388d
382323730.jpg,w_23a388d
3b3483ba9.jpg,w_23a388d
3d5c45078.jpg,w_23a388d
3e53c9584.jpg,w_23a388d
3e8b8d8d9.jpg,w_23a388d
47071b59c.jpg,w_23a388d
4b2678972.jpg,w_23a388d
4f987e4b7.jpg,w_23a388d
51ae55704.jpg,w_23a388d
5a1ebb56b.jpg,w_23a388d
5af6fa8c1.jpg,w_23a388d
5f420b231.jpg,w_23a388d
5ff37ee82.jpg,w_23a388d
69823499d.jpg,w_23a388d
6c6d5d7a4.jpg,w_23a388d
792a67050.jpg,w_23a388d
7cd8b360c.jpg,w_23a388d
7dda85fa3.jpg,w_23a388d
7e82f92ee.jpg,w_23a388d
7fcb6ab12.jpg,w_23a388d
87ec4811e.jpg,w_23a388d
89b00d9a7.jpg,w_23a388d
8c18f5ef4.jpg,w_23a388d
8df98d110.jpg,w_23a388d
8e6d570e4.jpg,w_23a388d
8e7ab5a22.jpg,w_23a388d
919d58179.jpg,w_23a388d
972893a51.jpg,w_23a388d
9e658afa0.jpg,w_23a388d
9e924e18d.jpg,w_23a388d
a1270b8cc.jpg,w_23a388d
a18c6d91a.jpg,w_23a388d
a60e47c55.jpg,w_23a388d
a7ddfe7d9.jpg,w_23a388d
a97caed52.jpg,w_23a388d
ad70af04e.jpg,w_23a388d
b00a03bbd.jpg,w_23a388d
b1e325bec.jpg,w_23a388d
b7fb1af05.jpg,w_23a388d
bb55e13fa.jpg,w_23a388d
bf312b0c2.jpg,w_23a388d
bf84bad36.jpg,w_23a388d
c45e0efa6.jpg,w_23a388d
c4e291ada.jpg,w_23a388d
c619c79c6.jpg,w_23a388d
c79ce1999.jpg,w_23a388d
c818ad3e1.jpg,w_23a388d
cec27e4e3.jpg,w_23a388d
dae6e3bd7.jpg,w_23a388d
047f23339.jpg,w_9b5109b
076719457.jpg,w_9b5109b
07733181b.jpg,w_9b5109b
0812d57cd.jpg,w_9b5109b
0ae95cf70.jpg,w_9b5109b
1d3eb111b.jpg,w_9b5109b
25307411b.jpg,w_9b5109b
292ffe4c6.jpg,w_9b5109b
2e3e286e6.jpg,w_9b5109b
367150343.jpg,w_9b5109b
36ef0f133.jpg,w_9b5109b
37fefcb32.jpg,w_9b5109b
398e3a2ab.jpg,w_9b5109b
40057c4ee.jpg,w_9b5109b
444cdd71d.jpg,w_9b5109b
47cfc0f01.jpg,w_9b5109b
48837015b.jpg,w_9b5109b
488ebc78e.jpg,w_9b5109b
4ac2ba99f.jpg,w_9b5109b
4dc6796d4.jpg,w_9b5109b
503f485b7.jpg,w_9b5109b
515d6eb11.jpg,w_9b5109b
55b03d783.jpg,w_9b5109b
59ced9f36.jpg,w_9b5109b
626392399.jpg,w_9b5109b
6355c5641.jpg,w_9b5109b
712fc66f5.jpg,w_9b5109b
7225578ee.jpg,w_9b5109b
83ffb4b7a.jpg,w_9b5109b
84253bfed.jpg,w_9b5109b
84cf7bb4a.jpg,w_9b5109b
89803cf8e.jpg,w_9b5109b
8a36c79c4.jpg,w_9b5109b
8c0821d53.jpg,w_9b5109b
96b83ed11.jpg,w_9b5109b
9f6cc357a.jpg,w_9b5109b
a8739451e.jpg,w_9b5109b
ab09d2ec8.jpg,w_9b5109b
ad2a201f1.jpg,w_9b5109b
ae4973417.jpg,w_9b5109b
af5646a49.jpg,w_9b5109b
b70958f47.jpg,w_9b5109b
bac45c5f4.jpg,w_9b5109b
bbb78dde9.jpg,w_9b5109b
bcd3b6249.jpg,w_9b5109b
bdf1cd231.jpg,w_9b5109b
bf834ebcd.jpg,w_9b5109b
c20dccb8f.jpg,w_9b5109b
cd3937f27.jpg,w_9b5109b
d88b45bab.jpg,w_9b5109b
db1122cdf.jpg,w_9b5109b
dcc0c1ea2.jpg,w_9b5109b
ddda4a7cf.jpg,w_9b5109b
de8d2366f.jpg,w_9b5109b
e2c0d3bfe.jpg,w_9b5109b
00570db6b.jpg,w_9c506f6
13a7495d5.jpg,w_9c506f6
15685f504.jpg,w_9c506f6
158c781a5.jpg,w_9c506f6
16977eb66.jpg,w_9c506f6
188b04c45.jpg,w_9c506f6
1e29532df.jpg,w_9c506f6
1ed34c38b.jpg,w_9c506f6
24100a9fc.jpg,w_9c506f6
252f32e5e.jpg,w_9c506f6
29fa5bbc5.jpg,w_9c506f6
2bc15d15b.jpg,w_9c506f6
34b1789a7.jpg,w_9c506f6
38d54d712.jpg,w_9c506f6
3cd828778.jpg,w_9c506f6
3e7cf4dab.jpg,w_9c506f6
44f592378.jpg,w_9c506f6
4904bdae4.jpg,w_9c506f6
5b14cb0d0.jpg,w_9c506f6
5d3948c2e.jpg,w_9c506f6
5efaee481.jpg,w_9c506f6
608f9b9e9.jpg,w_9c506f6
634cd019c.jpg,w_9c506f6
64d74fbbe.jpg,w_9c506f6
69504ab14.jpg,w_9c506f6
777c305a4.jpg,w_9c506f6
79f0f7196.jpg,w_9c506f6
810bb3989.jpg,w_9c506f6
82f7350f1.jpg,w_9c506f6
8493dc51b.jpg,w_9c506f6
876f9a8e2.jpg,w_9c506f6
960ead652.jpg,w_9c506f6
969277b89.jpg,w_9c506f6
9a839b9cb.jpg,w_9c506f6
a0ba92f44.jpg,w_9c506f6
a45d6d1f0.jpg,w_9c506f6
aa5dc4076.jpg,w_9c506f6
ad48edd04.jpg,w_9c506f6
b83b1103a.jpg,w_9c506f6
bb2c265fa.jpg,w_9c506f6
bffcb120b.jpg,w_9c506f6
c05ae6bf0.jpg,w_9c506f6
c5cc80b0c.jpg,w_9c506f6
c7f556dec.jpg,w_9c506f6
ccbb46d15.jpg,w_9c506f6
d0db93630.jpg,w_9c506f6
d11db7835.jpg,w_9c506f6
d1b09f72e.jpg,w_9c506f6
d4350a260.jpg,w_9c506f6
d4dd371d1.jpg,w_9c506f6
e212fd34c.jpg,w_9c506f6
e5990aea6.jpg,w_9c506f6
00e9e5122.jpg,w_0369a5c
06ae83bbc.jpg,w_0369a5c
092ef02b8.jpg,w_0369a5c
12670516b.jpg,w_0369a5c
12f5ad5a6.jpg,w_0369a5c
1c11e4f25.jpg,w_0369a5c
20d4abba8.jpg,w_0369a5c
2bbad75d4.jpg,w_0369a5c
2bbfd538c.jpg,w_0369a5c
2d83b5312.jpg,w_0369a5c
317a126f4.jpg,w_0369a5c
3e69d7030.jpg,w_0369a5c
3f71f580d.jpg,w_0369a5c
44818fe41.jpg,w_0369a5c
47d949260.jpg,w_0369a5c
47f88ae6c.jpg,w_0369a5c
49c70a889.jpg,w_0369a5c
4fe46a8d0.jpg,w_0369a5c
54f1d85a8.jpg,w_0369a5c
61747578d.jpg,w_0369a5c
63478959b.jpg,w_0369a5c
683b3d7f5.jpg,w_0369a5c
6e2633c52.jpg,w_0369a5c
70029fb9f.jpg,w_0369a5c
730e38be3.jpg,w_0369a5c
77738baf5.jpg,w_0369a5c
7ef14a014.jpg,w_0369a5c
8180c1ef0.jpg,w_0369a5c
84c2cb2d6.jpg,w_0369a5c
85e9f9783.jpg,w_0369a5c
892e47884.jpg,w_0369a5c
8ab55e5fb.jpg,w_0369a5c
9473bce30.jpg,w_0369a5c
9af0cabb6.jpg,w_0369a5c
9d3a0bf95.jpg,w_0369a5c
9e1f7cc3c.jpg,w_0369a5c
a1051c478.jpg,w_0369a5c
a1052a97e.jpg,w_0369a5c
a2e01f223.jpg,w_0369a5c
a5c0823ba.jpg,w_0369a5c
a615d69f9.jpg,w_0369a5c
a7445912e.jpg,w_0369a5c
b26b048d7.jpg,w_0369a5c
b6dfbb60a.jpg,w_0369a5c
bd4eaa1cb.jpg,w_0369a5c
c3e675078.jpg,w_0369a5c
c5f4b73be.jpg,w_0369a5c
cdb4eb77e.jpg,w_0369a5c
cfa6a18a3.jpg,w_0369a5c
d18785462.jpg,w_0369a5c
db7638481.jpg,w_0369a5c
00910010d.jpg,w_700ebb4
0962efdb7.jpg,w_700ebb4
0c057c0a6.jpg,w_700ebb4
125b7d50d.jpg,w_700ebb4
126fc51b0.jpg,w_700ebb4
1399ea284.jpg,w_700ebb4
13eeebc33.jpg,w_700ebb4
1b40c89bd.jpg,w_700ebb4
2109ca990.jpg,w_700ebb4
2f4cb5edd.jpg,w_700ebb4
2fc45c933.jpg,w_700ebb4
34a75f58c.jpg,w_700ebb4
471e75940.jpg,w_700ebb4
47877d568.jpg,w_700ebb4
500bb560e.jpg,w_700ebb4
511540bb9.jpg,w_700ebb4
54232cda9.jpg,w_700ebb4
551915060.jpg,w_700ebb4
582316a38.jpg,w_700ebb4
5a122bd98.jpg,w_700ebb4
5b45ac53f.jpg,w_700ebb4
61dde2884.jpg,w_700ebb4
6276c95df.jpg,w_700ebb4
659087602.jpg,w_700ebb4
6d46ed5b8.jpg,w_700ebb4
6ef8c7049.jpg,w_700ebb4
73c746543.jpg,w_700ebb4
7b6e4a763.jpg,w_700ebb4
7f9be797b.jpg,w_700ebb4
819980ff5.jpg,w_700ebb4
870608e95.jpg,w_700ebb4
87e9576ae.jpg,w_700ebb4
8af345b21.jpg,w_700ebb4
8c97c8b7c.jpg,w_700ebb4
90ed53864.jpg,w_700ebb4
92d5a33c0.jpg,w_700ebb4
9682bf496.jpg,w_700ebb4
9da969f80.jpg,w_700ebb4
a290b92a7.jpg,w_700ebb4
a4ba2b68b.jpg,w_700ebb4
a6c17cb16.jpg,w_700ebb4
a77256a87.jpg,w_700ebb4
a7e25cad5.jpg,w_700ebb4
b6924fbe5.jpg,w_700ebb4
b93ae246c.jpg,w_700ebb4
c1c1d87f8.jpg,w_700ebb4
c669a3706.jpg,w_700ebb4
004e8ad5b.jpg,w_3de579a
01598711e.jpg,w_3de579a
0b38cb192.jpg,w_3de579a
0d94bdad3.jpg,w_3de579a
16a7f84e7.jpg,w_3de579a
34b486a84.jpg,w_3de579a
36deaa67e.jpg,w_3de579a
396b9f681.jpg,w_3de579a
3a601f297.jpg,w_3de579a
3d017af02.jpg,w_3de579a
4ad214501.jpg,w_3de579a
4b6831b73.jpg,w_3de579a
4cdb8c8dc.jpg,w_3de579a
538eb9102.jpg,w_3de579a
58f61e7f4.jpg,w_3de579a
594c893fe.jpg,w_3de579a
600c5b230.jpg,w_3de579a
61ff7c6c5.jpg,w_3de579a
634352a67.jpg,w_3de579a
67a2a784d.jpg,w_3de579a
6a2de0eb2.jpg,w_3de579a
6f5d7c6cf.jpg,w_3de579a
7100b64f2.jpg,w_3de579a
76a9dee30.jpg,w_3de579a
7da7f8bb9.jpg,w_3de579a
7fb338aa0.jpg,w_3de579a
802681c94.jpg,w_3de579a
82b7870b8.jpg,w_3de579a
948e6400e.jpg,w_3de579a
94cb521fb.jpg,w_3de579a
997ce1a3b.jpg,w_3de579a
a32a76da7.jpg,w_3de579a
a7f1e6b35.jpg,w_3de579a
ab7d8bc1f.jpg,w_3de579a
afa597a42.jpg,w_3de579a
b0b117487.jpg,w_3de579a
ba50a7085.jpg,w_3de579a
bd22cbbb2.jpg,w_3de579a
bd7699aea.jpg,w_3de579a
bd9bd86eb.jpg,w_3de579a
c403395bd.jpg,w_3de579a
c563eaac6.jpg,w_3de579a
c64cabd50.jpg,w_3de579a
c9d7494b1.jpg,w_3de579a
040da527c.jpg,w_564a34b
0716fb02e.jpg,w_564a34b
223bdaa94.jpg,w_564a34b
252a17791.jpg,w_564a34b
3612c5daf.jpg,w_564a34b
3aa9992cc.jpg,w_564a34b
3fd1df9b0.jpg,w_564a34b
41fed9cca.jpg,w_564a34b
447b48dad.jpg,w_564a34b
45a225765.jpg,w_564a34b
462152c16.jpg,w_564a34b
49d05c131.jpg,w_564a34b
4b3abf879.jpg,w_564a34b
4b8212256.jpg,w_564a34b
4d5d6461e.jpg,w_564a34b
60ae815d1.jpg,w_564a34b
72247654d.jpg,w_564a34b
75385c608.jpg,w_564a34b
7575985c5.jpg,w_564a34b
7a3455765.jpg,w_564a34b
7c1501aca.jpg,w_564a34b
83d05e445.jpg,w_564a34b
85af2f596.jpg,w_564a34b
877e3feda.jpg,w_564a34b
89afd1952.jpg,w_564a34b
89b1d7488.jpg,w_564a34b
8ee36c58f.jpg,w_564a34b
8f60e88d2.jpg,w_564a34b
a31637702.jpg,w_564a34b
a79868dfc.jpg,w_564a34b
ac8f4c811.jpg,w_564a34b
bf64daaf2.jpg,w_564a34b
c1328cf1f.jpg,w_564a34b
c3c2680a5.jpg,w_564a34b
cb4537960.jpg,w_564a34b
d44df0462.jpg,w_564a34b
d8406b10f.jpg,w_564a34b
d9e958ed9.jpg,w_564a34b
dc55f0f7e.jpg,w_564a34b
dcff666f1.jpg,w_564a34b
dd177de7c.jpg,w_564a34b
0779b9586.jpg,w_fd3e556
0b92d79c0.jpg,w_fd3e556
0d3e8320a.jpg,w_fd3e556
16666fe8c.jpg,w_fd3e556
175374a41.jpg,w_fd3e556
1ab5c3713.jpg,w_fd3e556
1dc5372ac.jpg,w_fd3e556
2d1f20f76.jpg,w_fd3e556
2f7f0b9c7.jpg,w_fd3e556
3bbc8885f.jpg,w_fd3e556
45e3e7af9.jpg,w_fd3e556
4686f6a46.jpg,w_fd3e556
49cacb853.jpg,w_fd3e556
511834bc3.jpg,w_fd3e556
5336ac99b.jpg,w_fd3e556
5e1e740c7.jpg,w_fd3e556
5fa077c35.jpg,w_fd3e556
6672b2f79.jpg,w_fd3e556
7482707a6.jpg,w_fd3e556
7845b7ad8.jpg,w_fd3e556
79428bc04.jpg,w_fd3e556
81787a873.jpg,w_fd3e556
81b79b1fd.jpg,w_fd3e556
8cfcac09c.jpg,w_fd3e556
9160a128d.jpg,w_fd3e556
931a21ac9.jpg,w_fd3e556
95acd37b5.jpg,w_fd3e556
9d7e111ce.jpg,w_fd3e556
a7422cdb0.jpg,w_fd3e556
a80028528.jpg,w_fd3e556
ace48fa72.jpg,w_fd3e556
b065a0fdc.jpg,w_fd3e556
b1a0233cd.jpg,w_fd3e556
b3a043eaf.jpg,w_fd3e556
b4dbccd8c.jpg,w_fd3e556
b94ef9da5.jpg,w_fd3e556
bbc6c600a.jpg,w_fd3e556
bcdeb1b71.jpg,w_fd3e556
bd6094397.jpg,w_fd3e556
be52b468f.jpg,w_fd3e556
